,a2c,ppo,comnet
전압편차,-43.53000027,-42.50719663,-33.35506957
계통코스트,52330.20048,52531.30514,51262.2297
